Car_Offset;Traffic_Position;User_action
-71,13303669;-1;1
-63,74780123;-1;1
-56,34459934;-1;1
-48,92493292;-1;1
-41,4903142;-1;1
-34,04226474;-1;-1
-26,58231447;-1;-1
-19,11200081;-1;-1
-11,6328676;-1;-1
-4,146464223;-1;-1
3,345655392;-1;-1
0,841933757;-1;-1
-1,659189223;-1;-1
5,840724737;-1;-1
3,340113271;-1;-1
0,837414343;-1;-1
-1,668932779;-1;-1
5,819513453;-1;-1
3,301197842;-1;-1
0,774569414;-1;-1
-1,761917605;-1;-1
5,690197167;-1;-1
3,12938124;-1;-1
0,554110203;-1;-1
-2,037131322;-1;-1
5,354151271;-1;-1
2,726463507;-1;-1
0,078322769;-1;-1
-2,591740779;-1;-1
4,714816729;-1;-1
1,996553769;-1;-1
-0,747955671;-1;-1
6,479878803;-1;-1
3,678664866;-1;-1
0,847028347;-1;-1
-2,016385909;-1;-1
5,087086801;-1;-1
2,156131874;-1;-1
-0,810543774;-1;-1
6,185789094;-1;-1
3,143882836;-1;-1
0,062513707;-1;-1
-3,059517376;-1;-1
3,776615918;-1;-1
0,569766067;-1;-1
-2,681187591;-1;-1
4,022661847;-1;-1
0,680249531;-1;-1
-2,709460478;-1;-1
3,852525443;-1;-1
0,365231101;-1;-1
-3,172288894;-1;-1
3,239051456;-1;-1
-0,401629892;-1;-1
5,904817532;-1;-1
2,157577241;-1;-1
-1,644133698;-1;-1
4,498935823;-1;-1
0,586071422;-1;-1
-3,383406325;-1;-1
2,589858539;-1;-1
-1,494742244;-1;-1
4,36221923;-1;-1
0,160207389;-1;-1
-4,101276484;-1;-1
1,577306062;-1;-1
-2,804469064;-1;-1
2,753011767;-1;-1
-1,750599853;-1;-1
3,68438585;-1;-1
-0,942302975;-1;-1
4,369100363;-1;-1
-0,381598751;-1;-1
4,805443876;-1;-1
-0,06988865;-1;-1
4,992325756;-1;-1
-0,007951785;-1;-1
4,929278898;-1;-1
-0,195942966;-1;-1
4,616460884;-1;-1
-0,633392312;-1;-1
4,054653597;-1;-1
-1,319206429;-1;-1
3,245261262;-1;-1
-2,251671137;-1;-1
2,19030694;-1;-1
-3,428455761;-1;-1
0,892427466;-1;-1
-4,846618952;-1;-1
-0,645133136;-1;-1
3,497383959;-1;-1
-2,418531767;-1;-1
1,607692103;-1;-1
-4,423335853;-1;-1
-0,510971276;-1;-1
3,345465572;-1;-1
-2,853310621;-1;-1
0,893449343;-1;-1
-5,413471304;-1;-1
-1,773255778;-1;-1
1,814945743;-1;-1
-4,647984415;-1;-1
-1,161131966;-1;-1
2,276448756;-1;-1
-4,334265787;-1;-1
-0,992268951;-1;-1
2,303475462;-1;-1
-4,445967443;-1;-1
-1,239504322;-1;-1
1,923985728;-1;-1
-4,954349535;-1;-1
-1,873336213;-1;-1
1,168225;-1;-1
-5,828441937;-1;-1
-2,862089171;-1;-1
0,06855426;-1;-1
-7,035218363;-1;-1
-4,17209225;-1;-1
-1,340731925;-1;-1
1,460217941;-1;-1
-5,767868316;-1;-1
-3,023598216;-1;-1
-0,305562001;-1;-1
2,387666483;-1;-1
-4,942471108;-1;-1
-2,294518513;-1;-1
0,33299422;-1;-1
-7,05845018;-1;-1
-4,46735714;-1;-1
-1,89222117;-1;-1
0,66847319;-1;-1
-6,783749573;-1;-1
-4,247356899;-1;-1
-1,720809115;-1;-1
0,797439608;-1;-1
-6,691059718;-1;-1
-4,184751861;-1;-1
-1,682078345;-1;-1
0,818521578;-1;-1
-6,681390048;-1;-1
-4,180250861;-1;-1
-1,676499152;-1;-1
0,831425151;-1;-1
-6,654920485;-1;-1
-4,133982175;-1;-1
-1,604210586;-1;-1
0,935938093;-1;-1
-6,511998809;-1;-1
-3,946491412;-1;-1
-1,366018237;-1;-1
1,23093284;-1;-1
-6,154136351;-1;-1
-3,519735222;-1;-1
-0,864385349;-1;-1
1,813378597;-1;-1
-5,484992062;-1;-1
-2,758060918;-1;-1
-0,004407378;-1;-1
2,777372452;-1;-1
-4,411335114;-1;-1
-1,569162203;-1;-1
1,305239755;-1;-1
-5,786800809;-1;-1
-2,843976439;-1;-1
0,134998534;-1;-1
-6,848612816;-1;-1
-3,793570797;-1;-1
-0,698659872;-1;-1
2,437310577;-1;-1
-4,384494493;-1;-1
-1,162936512;-1;-1
2,103095987;-1;-1
-4,585313321;-1;-1
-1,227109236;-1;-1
2,178734311;-1;-1
-4,366786385;-1;-1
-0,862705422;-1;-1
2,691912099;-1;-1
-3,702030504;-1;-1
-0,043662063;-1;-1
3,667855899;-1;-1
-2,566671359;-1;-1
1,253527702;-1;-1
-4,870809581;-1;-1
-0,938980533;-1;-1
3,049682417;-1;-1
-2,904188677;-1;-1
1,200002323;-1;-1
-4,637184733;-1;-1
-0,415226628;-1;-1
3,866362887;-1;-1
-1,791967203;-1;-1
2,610194535;-1;-1
-2,926778269;-1;-1
1,597449977;-1;-1
-3,816823388;-1;-1
0,830660546;-1;-1
-4,459877911;-1;-1
0,311742818;-1;-1
-4,854334537;-1;-1
0,041993816;-1;-1
-4,999207331;-1;-1
0,022087772;-1;-1
-4,894134184;-1;-1
0,252074442;-1;-1
-4,539377726;-1;-1
0,731378978;-1;-1
-3,935824662;-1;-1
1,458803368;-1;-1
-3,084983562;-1;-1
2,43252943;-1;-1
-1,988981085;-1;-1
3,650123357;-1;-1
-0,650556665;-1;-1
5,108541797;-1;-1
0,926944332;-1;-1
-3,195860536;-1;-1
2,739578976;-1;-1
-1,267321752;-1;-1
4,782816624;-1;-1
0,889337804;-1;-1
-2,948449753;-1;-1
3,268727608;-1;-1
-0,459890809;-1;-1
5,864900424;-1;-1
2,242273356;-1;-1
-1,328632827;-1;-1
5,151288738;-1;-1
1,681113148;-1;-1
-1,740115687;-1;-1
4,886615553;-1;-1
1,560290213;-1;-1
-1,7201377;-1;-1
5,04425714;-1;-1
1,852372041;-1;-1
-1,296923008;-1;-1
5,595215361;-1;-1
2,527604625;-1;-1
-0,500962899;-1;-1
6,508280711;-1;-1
3,554079741;-1;-1
0,635155633;-1;-1
-2,249792216;-1;-1
4,897914354;-1;-1
2,076933097;-1;-1
-0,714097804;-1;-1
6,523441119;-1;-1
3,788151476;-1;-1
1,078617896;-1;-1
-1,606591086;-1;-1
5,731077859;-1;-1
3,090163765;-1;-1
0,46919228;-1;-1
-2,133323411;-1;-1
5,281118341;-1;-1
2,71100859;-1;-1
0,154828733;-1;-1
-2,388948538;-1;-1
105,0781417;1;-1
102,5545576;1;-1
100,0387516;1;-1
97,52917096;1;-1
95,02425937;1;-1
92,52245745;1;-1
90,02220392;1;-1
87,52193651;1;-1
85,02009298;1;-1
82,51511205;1;-1
80,00543441;1;-1
77,48950371;1;-1
74,96576748;1;-1
72,43267812;1;-1
69,88869391;1;-1
67,33227992;1;-1
64,76190897;1;-1
62,17606264;1;-1
59,57323216;1;1
56,95191936;1;1
54,31063766;1;1
51,64791293;1;1
48,96228444;1;1
46,25230579;1;1
43,5165458;1;1
40,75358938;1;1
37,96203845;1;1
35,14051282;1;1
32,28765099;1;1
29,40211109;1;1
26,48257164;1;1
23,52773241;1;1
20,53631527;1;1
17,50706489;1;1
14,43874963;1;1
11,33016226;1;1
8,180120685;1;1
4,987468759;1;1
1,751076944;1;1
-1,53015696;1;1
5,142692877;1;1
1,768580976;1;1
-1,653508788;1;1
4,87543744;1;1
1,35446412;1;1
-2,217353091;1;1
4,159093237;1;1
0,482942872;1;1
-3,24663155;1;1
2,969575997;1;1
-0,869194577;1;1
5,236330996;1;1
1,2854618;1;1
-2,722457839;1;1
3,211952063;1;1
-0,911892472;1;1
4,90546099;1;1
0,663501627;1;1
-3,63824431;1;1
1,999786792;1;1
-2,422803815;1;1
3,093623007;1;1
-1,451255493;1;1
3,94227625;1;1
-0,726027709;1;1
4,543625331;1;1
-0,248933155;1;1
4,896167189;1;1
-0,021164319;1;1
4,999020655;1;1
-0,043290504;1;1
4,851928648;1;1
-0,315256406;1;1
4,45525882;1;1
-0,836382252;1;1
3,810002641;1;1
-1,6053655;1;1
2,917772915;1;1
-2,620284091;1;1
1,780799751;1;1
-3,878601257;1;1
0,40192499;1;1
-5,377171861;1;1
-1,215404899;1;1
2,887749744;1;1
-3,067147434;1;1
0,920500349;1;1
-5,148674222;1;1
-1,274002947;1;1
2,545217469;1;1
-3,690275027;1;1
0,020291709;1;1
-6,322276471;1;1
-2,717140503;1;1
0,836571356;1;1
-5,660237012;1;1
-2,206630148;1;1
1,198358392;1;1
-5,444274562;1;1
-2,133502417;1;1
1,131730538;1;1
-5,647491522;1;1
-2,470056643;1;1
0,66517422;1;1
-6,240633514;1;1
-3,186288776;1;1
-0,170575596;1;1
2,807746142;1;1
-4,25006008;1;1
-1,3427082;1;1
1,53110962;1;1
-5,627277827;1;1
-2,816521618;1;1
-0,035253547;1;1
2,717913022;1;1
-4,555617715;1;1
-1,854424874;1;1
0,822928224;1;1
-6,522106842;1;1
-3,888064502;1;1
-1,273466108;1;1
1,323179137;1;1
-6,096626749;1;1
-3,531371464;1;1
-0,979533373;1;1
1,560417545;1;1
-5,909981259;1;1
-3,389185866;1;1
-0,875646853;1;1
1,632189735;1;1
-5,864118579;1;1
-3,363011684;1;1
-0,862927854;1;1
1,637695278;1;1
-5,859580259;1;1
-3,353193749;1;1
-0,841586765;1;1
1,676795858;1;1
-5,79649495;1;1
-3,259913463;1;1
-0,711920125;1;1
1,84901749;1;1
-5,575576285;1;1
-2,984186158;1;1
-0,375306825;1;1
2,252556086;1;1
-5,099114916;1;1
-2,428850115;1;1
0,2648065;1;1
-7,016703683;1;1
-4,271954793;1;1
-1,499537373;1;1
1,301940744;1;1
-5,866146437;1;1
-3,002443932;1;1
-0,105616626;1;1
2,825649898;1;1
-4,207351471;1;1
-1,203350172;1;1
1,838901228;1;1
-5,079373741;1;1
-1,95697622;1;1
1,207267232;1;1
-5,585496097;1;1
-2,33414579;1;1
0,962411005;1;1
-5,694761118;1;1
-2,304626479;1;1
1,133821036;1;1
-5,378442655;1;1
-1,840472436;1;1
1,748645415;1;1
-4,610207348;1;1
-0,916181486;1;1
2,831539194;1;1
-3,366262676;1;1
0,491161491;1;1
-5,595474231;1;1
-1,62549073;1;1
2,401755719;1;1
-3,513126943;1;1
0,630433056;1;1
-5,167029039;1;1
-0,905014837;1;1
3,416936876;1;1
-2,200750139;1;1
2,242310149;1;1
-3,253534188;1;1
1,312026736;1;1
-4,060735569;1;1
0,62841186;1;1
-4,620336702;1;1
0,193174203;1;1
-4,930938875;1;1
0,007401632;1;1
-4,991765743;1;1
0,071558481;1;1
-4,802665272;1;1
0,385484393;1;1
-4,364110113;1;1
0,948394715;1;1
-3,677196427;1;1
1,758882466;1;1
-2,743641141;1;1
2,814921847;1;1
-1,565777655;1;1
4,113873311;1;1
-0,146550016;1;1
5,652490155;1;1
1,510494448;1;1
-2,573073362;1;1
3,401213986;1;1
-0,567252406;1;1
5,520882786;1;1
1,664939514;1;1
-2,135797221;1;1
4,117923081;1;1
0,425316886;1;1
-3,214432886;1;1
3,197823655;1;1
-0,338796108;1;1
6,174793262;1;1
2,737645821;1;1
-0,651215164;1;1
6,007203398;1;1
2,711865049;1;1
-0,538295569;1;1
6,255627952;1;1
3,092514468;1;1
-0,028784016;1;1
6,890558374;1;1
3,84934211;1;1
0,846343017;1;1
-2,119686966;1;1
4,949980996;1;1
2,054053428;1;1
-0,808784647;1;1
6,360131115;1;1
3,559445211;1;1
0,787783142;1;1
-1,95624773;1;1
5,325942687;1;1
2,632928098;1;1
-0,036733287;1;1
7,315502146;1;1
4,688164325;1;1
2,079770416;1;1
-0,511174259;1;1
6,91382472;1;1
4,353251806;1;1
1,805582438;1;1
-0,730716011;1;1
6,742816726;1;1
4,22463477;1;1
1,713187067;1;1
-0,793081648;1;1
6,704270125;1;1
4,203681621;1;1
1,703590791;1;1
-0,797564728;1;1
6,698653367;1;1
4,190685023;1;1
1,676972799;1;1
-0,844037152;1;1
6,62610588;1;1
4,085858137;1;1
1,533682355;1;1
-1,031951278;1;1
6,387435838;1;1
3,790331667;1;1
1,175234475;1;1
-1,459346224;1;1
5,88511126;1;1
3,207141718;1;1
0,505293957;1;1
-2,221868295;1;1
5,024234513;1;1
2,24219864;1;1
-0,569362069;1;1
6,588184682;1;1
3,713490497;1;1
0,805227129;1;1
-2,13791269;1;1
4,882785571;1;1
1,866059039;1;1
-1,189331765;1;1
5,71539784;1;1
2,57905746;1;1
-0,59951763;1;1
6,178534237;1;1
2,912101837;1;1
-0,399898253;1;1
6,241479021;1;1
2,835207853;1;1
-0,619707786;1;1
5,875766476;1;1
2,320696017;1;1
-1,285822198;1;1
5,055340951;1;1
1,343347281;1;1
-2,422608171;1;1
3,756703358;1;1
-0,119455163;1;1
5,948213901;1;1
1,959043291;1;1
-2,087598727;1;1
3,807692029;1;1
-0,355643969;1;1
5,421870391;1;1
1,139749188;1;1
-3,202456229;1;1
2,394843041;1;1
-2,068726296;1;1
3,406500508;1;1
-1,179773547;1;1
4,172192973;1;1
-0,537819899;1;1
4,690006604;1;1
-0,144469902;1;1
4,958647136;1;1
-0,000706727;1;1
4,977443107;1;1
-0,106889706;1;1
4,746347538;1;1
-0,462753438;1;1
4,265938047;1;1
-1,067408448;1;1
3,537415408;1;1
-1,919343414;1;1
2,562600547;1;1
-3,016428942;1;1
1,343929994;1;1
-4,35592289;1;1
-0,115550208;1;1
4,065522781;1;1
-1,81219212;1;1
2,251853632;1;1
-3,741755021;1;1
0,207602894;1;1
-5,899416008;1;1
-2,062119873;1;1
1,720217949;1;1
-4,551641543;1;1
-0,876903477;1;1
2,745260392;1;1
-3,684288834;1;1
-0,164657732;1;1
3,30507888;1;1
-3,274122634;1;1
0,098724677;1;1
-6,575362271;1;1
-3,295337227;1;1
-0,060125263;1;1
3,131376556;1;1
-3,719701518;1;1
-0,612202621;1;1
2,455055998;1;1
-4,516717759;1;1
-1,526291599;1;1
1,427590396;1;1
-5,653793015;1;1
-2,769141037;1;1
0,082868354;1;1
-7,096422417;1;1
-4,305651365;1;1
-1,543437793;1;1
1,191616842;1;1
-6,099071942;1;1
-3,414072541;1;1
-0,751938153;1;1
1,888792311;1;1
-5,490406682;1;1
-2,888048211;1;1
-0,302633826;1;1
2,267345508;1;1
-5,176591524;1;1
-2,632917541;1;1
-0,100097419;1;1
2,423410749;1;1
-5,06084531;1;1
-2,551313018;1;1
-0,046435912;1;1
2,455345377;1;1
-5,044407845;1;1
-2,544133313;1;1
-0,042268781;1;1
2,462747005;1;1
-5,027526671;1;1
-2,511533469;1;1
0,012279034;1;1
-7,454541626;1;1
-4,910453765;1;1
-2,353922519;1;1
0,216579202;1;1
-7,197430247;1;1
-4,594442187;1;1
-1,972958563;1;1
0,668507118;1;1
-6,668571135;1;1
-3,982732725;1;1
-1,272531375;1;1
1,463463963;1;1
-5,773331781;1;1
-2,981520683;1;1
-0,159722696;1;1
2,693423484;1;1
-4,420740427;1;1
-1,500893148;1;1
1,454265351;1;1
-5,553986972;1;1
-2,524395024;1;1
0,544272635;1;1
-6,346776974;1;1
-3,196362007;1;1
-0,003326534;1;1
3,23345874;1;1
-3,484904234;1;1
-0,157341535;1;1
3,217192056;1;1
-3,360287598;1;1
0,111205378;1;1
-6,367373751;1;1
-2,795100919;1;1
0,828916155;1;1
-5,494462582;1;1
-1,764410064;1;1
2,019867386;1;1
-4,140870445;1;1
-0,245898133;1;1
3,705474927;1;1
-2,286095906;1;1
1,780009067;1;1
-4,095626501;1;1
0,087544635;1;1
-5,669967034;1;1
-1,367688087;1;1
2,994817527;1;1
-2,582051777;1;1
1,902064525;1;1
-3,552511157;1;1
1,054505273;1;1
-4,276640584;1;1
0,454258228;1;1
-4,752630111;1;1
0,102823695;1;1
-4,979290014;1;1
0,001080078;1;1
-4,95605376;1;1
0,149281682;1;1
-4,682979428;1;1
0,54705808;1;1
-4,160749561;1;1
1,193415039;1;1
-3,390669462;1;1
2,086737003;1;1
-2,37466393;1;1
3,224791132;1;1
-1,11527245;1;1
4,604732884;1;1
0,384357155;1;1
-3,776886877;1;1
2,120476592;1;1
-1,924113259;1;1
4,088746467;1;1
0,158422768;1;1
-3,715752869;1;1
2,465515951;1;1
-1,298509026;1;1
4,991399756;1;1
1,334436146;1;1
-2,270239209;1;1
4,176501656;1;1
0,673754577;1;1
-2,77941618;1;1
3,816022666;1;1
0,459074017;1;1
-2,851288979;1;1
3,883877709;1;1
0,663489659;1;1
-2,513565329;1;1
4,351573463;1;1
1,257740385;1;1
-1,796255856;1;1
5,188368552;1;1
2,210373282;1;1
-0,731505352;1;1
6,361446391;1;1
3,487920483;1;1
0,646587949;1;1
-2,163900309;1;1
5,055087335;1;1
2,302164086;1;1
-0,424074405;1;1
6,874950835;1;1
4,197802989;1;1
1,543030351;1;1
-1,09083277;1;1
6,294734867;1;1
3,698242361;1;1
1,118187597;1;1
-1,446941812;1;1
6,00133242;1;1
3,461480201;1;1
0,931964019;1;1
-1,5887601;1;1
5,89775838;1;1
3,389965464;1;1
0,886303605;1;1
-1,614787328;1;1
5,885130929;1;1
3,384496008;1;1
0,881745887;1;1
-1,624680134;1;1
5,863659542;1;1
3,345209786;1;1
0,818419707;1;1
-1,718256369;1;1
5,733642061;1;1
3,172582639;1;1
0,597041107;1;1
-1,994497742;1;1
5,396460881;1;1
2,768422706;1;1
0,119905333;1;1
-2,550560837;1;1
4,755568312;1;1
2,036851525;1;1
-0,708136925;1;1
6,519193651;1;1
3,717451246;1;1
0,88526202;1;1
-1,978728839;1;1
5,124143734;1;1
2,192565511;1;1
-0,774756204;1;1
6,220908232;1;1
3,178311594;1;1
0,096230567;1;1
-3,026533486;1;1
3,808846226;1;1
0,601222648;1;1
-2,650524396;1;1
4,052512494;1;1
0,709268973;1;1
-2,681290376;1;1
3,879828598;1;1
0,391650246;1;1
-3,146770269;1;1
3,263653611;1;1
-0,377959582;1;1
5,927541204;1;1
2,179340074;1;1
-1,623345306;1;1
4,518736782;1;1
0,604872573;1;1
-3,365616731;1;1
2,606625457;1;1
-1,479008481;1;1
4,376910006;1;1
0,173845996;1;1
-4,088698569;1;1
1,588815424;1;1
-2,794035449;1;1
2,762363115;1;1
-1,742336616;1;1
3,691555812;1;1
-0,93623077;1;1
4,374071017;1;1
-0,377732755;1;1
4,808202798;1;1
-0,068238527;1;1
4,992866051;1;1
-0,008521658;1;1
4,927599214;1;1
-0,198731411;1;1
4,61256542;1;1
-0,63839236;1;1
4,04855209;1;1
-1,326405581;1;1
3,236968963;1;1
-2,261051401;1;1
2,179844574;1;1
-3,43999369;1;1
0,879821185;1;1
-4,860285708;1;1
-0,659851825;1;1
3,481622537;1;1
-2,435326073;1;1
1,589875409;1;1
-4,442163799;1;1
-0,530798708;1;1
3,324651045;1;1
-2,875099233;1;1
0,870700261;1;1
-5,437166637;1;1
-1,797882553;1;1
1,789402915;1;1
-4,674427331;1;1
-1,188458445;1;1
2,248255793;1;1
-4,363307614;1;1
-1,022141492;1;1
2,272790876;1;1
-4,477444897;1;1
-1,271754972;1;1
1,890982038;1;1
-4,988085639;1;1
-1,907783646;1;1
1,133087765;1;1
-5,864247013;1;1
-2,898539713;1;1
0,031481034;1;1
-7,072891103;1;1
-4,210340961;1;1
-1,379532702;1;1
1,420889347;1;1
-5,807700148;1;1
-3,063908393;1;1
-0,346325329;1;1
2,346475478;1;1
-4,984064045;1;1
-2,33648739;1;1
0,290675634;1;1
-7,101092028;1;1
-4,5102956;1;1
-1,935429407;1;1
0,62502218;1;1
-6,827416201;1;1
-4,291211855;1;1
-1,76482499;1;1
0,753290321;1;1
-6,735314824;1;1
-4,229085129;1;1
-1,726462067;1;1
0,77411514;1;1
-6,72579145;1;1
-4,224619476;1;1
-1,720807253;1;1
0,787205257;1;1
-6,699024537;1;1
-4,177942822;1;1
-1,648000354;1;1
0,892346573;1;1
-6,555364839;1;1
-3,98960485;1;1
-1,408852138;1;1
-98,81159475;-1;1
-96,19633106;-1;1
-93,56157068;-1;1
-90,9058354;-1;1
-88,22766015;-1;1
-85,52559385;-1;1
-82,79820038;-1;1
-80,04405943;-1;1
-77,2617674;-1;1
-74,44993831;-1;1
-71,60720462;-1;1
-68,7322181;-1;1
-65,8236507;-1;1
-62,88019533;-1;1
-59,90056672;-1;1
-56,88350221;-1;1
-53,82776253;-1;1
-50,73213257;-1;1
-47,59542217;-1;1
-44,41646683;-1;1
-41,19412845;-1;1
-37,92729607;-1;-1
-34,61488649;-1;-1
-31,25584505;-1;-1
-27,84914618;-1;-1
-24,39379413;-1;-1
-20,88882354;-1;-1
-17,33330007;-1;-1
-13,72632097;-1;-1
-10,06701565;-1;-1
-6,354546204;-1;-1
-2,588107981;-1;-1
1,233069958;-1;-1
-4,890275661;-1;-1
-0,957442784;-1;-1
3,032235534;-1;-1
-2,920609289;-1;-1
1,184618244;-1;-1
-4,651522663;-1;-1
-0,428509449;-1;-1
3,854143476;-1;-1
-1,803115567;-1;-1
2,600124185;-1;-1
-2,93576431;-1;-1
1,589553859;-1;-1
-3,823624647;-1;-1
0,824958396;-1;-1
-4,464477388;-1;-1
0,308248889;-1;-1
-4,856720735;-1;-1
0,04071684;-1;-1
-4,999374286;-1;-1
0,023030942;-1;-1
-4,892081479;-1;-1
0,255235399;-1;-1
-4,535110491;-1;-1
0,736749822;-1;-1
-3,929353564;-1;-1
1,466370675;-1;-1
-3,076324775;-1;-1
2,442274286;-1;-1
-1,97815625;-1;-1
3,662021404;-1;-1
-0,63759284;-1;-1
5,122563297;-1;-1
0,942014744;-1;-1
-3,17975063;-1;-1
2,756718308;-1;-1
-1,249163707;-1;-1
4,801982036;-1;-1
0,909498604;-1;-1
-2,927306165;-1;-1
3,29084077;-1;-1
-0,436821892;-1;-1
5,888910678;-1;-1
2,26720994;-1;-1
-1,302785496;-1;-1
5,178030662;-1;-1
1,708732953;-1;-1
-1,711635264;-1;-1
4,915938795;-1;-1
1,590437948;-1;-1
-1,689184312;-1;-1
5,075996834;-1;-1
1,884878207;-1;-1
-1,263670687;-1;-1
5,629193056;-1;-1
2,562286458;-1;-1
-0,465598601;-1;-1
6,544305371;-1;-1
3,590742249;-1;-1
0,672433077;-1;-1
-2,211923134;-1;-1
4,936351407;-1;-1
2,115914099;-1;-1
-0,674597214;-1;-1
6,563436609;-1;-1
3,828616871;-1;-1
1,119527906;-1;-1
-1,565262028;-1;-1
5,772800136;-1;-1
3,132253185;-1;-1
0,511622539;-1;-1
-2,090578831;-1;-1
5,324150529;-1;-1
2,754301492;-1;-1
0,198355292;-1;-1
-2,345215525;-1;-1
5,122053854;-1;-1
2,598621465;-1;-1
0,082939533;-1;-1
-2,426544558;-1;-1
5,068612699;-1;-1
2,566851912;-1;-1
0,066611764;-1;-1
-2,433670014;-1;-1
5,064444335;-1;-1
2,559393571;-1;-1
0,049618433;-1;-1
-2,46643739;-1;-1
5,009673718;-1;-1
2,476404269;-1;-1
-0,067787364;-1;-1
7,375564019;-1;-1
4,804931402;-1;-1
2,218796512;-1;-1
-0,384349241;-1;-1
6,993996188;-1;-1
4,352346412;-1;-1
1,689227537;-1;-1
-0,996820911;-1;-1
6,292754924;-1;-1
3,556524131;-1;-1
0,793071929;-1;-1
-1,998999453;-1;-1
5,178930102;-1;-1
2,325499459;-1;-1
-0,560632917;-1;-1
6,519211874;-1;-1
3,563733997;-1;-1
0,571655693;-1;-1
-2,458277924;-1;-1
4,472701919;-1;-1
1,363388421;-1;-1
-1,787400034;-1;-1
5,019180857;-1;-1
1,782002038;-1;-1
-1,500038195;-1;-1
5,171986488;-1;-1
1,797031127;-1;-1
-1,625919879;-1;-1
4,902147866;-1;-1
1,38027937;-1;-1
-2,192449152;-1;-1
4,183070302;-1;-1
0,505978078;-1;-1
-3,2245526;-1;-1
2,990684893;-1;-1
-0,849068928;-1;-1
5,255460821;-1;-1
1,303583845;-1;-1
-2,705354899;-1;-1
3,228025208;-1;-1
-0,896859166;-1;-1
4,919445061;-1;-1
0,676427724;-1;-1
-3,626384267;-1;-1
2,010573371;-1;-1
-2,413097443;-1;-1
3,102243107;-1;-1
-1,443727053;-1;-1
3,948708325;-1;-1
-0,720696018;-1;-1
4,547853305;-1;-1
-0,24581154;-1;-1
4,898180495;-1;-1
-0,020260582;-1;-1
4,998814259;-1;-1
-0,044606904;-1;-1
4,849503066;-1;-1
-0,318789653;-1;-1
4,450620117;-1;-1
-0,842123515;-1;-1
3,803162409;-1;-1
-1,613300427;-1;-1
2,908748252;-1;-1
-2,63039285;-1;-1
1,769613213;-1;-1
-3,890858582;-1;-1
0,388604539;-1;-1
-5,391547114;-1;-1
-1,23082597;-1;-1
2,871292493;-1;-1
-3,08463058;-1;-1
0,902002234;-1;-1
-5,168175744;-1;-1
-1,294495689;-1;-1
2,523746314;-1;-1
-3,712711176;-1;-1
-0,003095412;-1;-1
3,653400053;-1;-1
-2,742385134;-1;-1
0,810421347;-1;-1
-5,687276054;-1;-1
-2,234541327;-1;-1
1,169592521;-1;-1
-5,473877148;-1;-1
-2,163923217;-1;-1
1,100510537;-1;-1
-5,679491214;-1;-1
-2,502816027;-1;-1
0,631675618;-1;-1
-6,274850398;-1;-1
-3,221202559;-1;-1
-0,206164457;-1;-1
2,771504445;-1;-1
-4,286931964;-1;-1
-1,380187226;-1;-1
1,493046874;-1;-1
-5,665900504;-1;-1
-2,855680089;-1;-1
-0,074923338;-1;-1
2,677756701;-1;-1
-4,596235468;-1;-1
-1,895478674;-1;-1
0,781464034;-1;-1
-6,563955509;-1;-1
-3,930271491;-1;-1
-1,316005041;-1;-1
1,280334845;-1;-1
-6,139749623;-1;-1
-3,57474597;-1;-1
-1,023132404;-1;-1
1,516621237;-1;-1
-5,953947472;-1;-1
-3,433294506;-1;-1
-0,919870355;-1;-1
1,58787901;-1;-1
-5,908488834;-1;-1
-3,40741374;-1;-1
-0,90733396;-1;-1
1,593312874;-1;-1
-5,903911224;-1;-1
-3,397445569;-1;-1
-0,885731784;-1;-1
1,632785229;-1;-1
-5,840343684;-1;-1
-3,303572898;-1;-1
-0,755362975;-1;-1
1,805818375;-1;-1
-5,618504667;-1;-1
-3,026816977;-1;-1
-0,417613439;-1;-1
2,210600117;-1;-1
-5,140694019;-1;-1
-2,470026365;-1;-1
0,224058836;-1;-1
-7,056997295;-1;-1
95,68823083;1;-1
88,46115236;1;-1
81,26315917;1;-1
74,09562491;1;-1
66,95990422;1;-1
59,85733188;1;1
52,7892219;1;1
45,7568668;1;1
38,76153673;1;1
31,8044787;1;1
24,88691582;1;1
18,01004649;1;1
11,17504371;1;1
4,383054282;1;1
-2,364801852;1;1
0,932567659;1;1
-5,723773095;1;1
-2,332788957;1;1
1,106525658;1;1
-5,404853874;1;1
-1,86598299;1;1
1,724051469;1;1
-4,633869315;1;1
-0,938896685;1;1
2,809784957;1;1
-3,387042355;1;1
0,471369358;1;1
-5,614266449;1;1
-1,643271289;1;1
2,384997932;1;1
-3,528851485;1;1
0,615751585;1;1
-5,180658262;1;1
-0,917583295;1;1
3,405437038;1;1
-2,21117417;1;1
2,232968441;1;1
-3,261787736;1;1
1,304866505;1;1
-4,066798007;1;1
0,623451005;1;1
-4,624192875;1;1
0,190425122;1;1
-4,932579145;1;1
0,006871197;1;1
-4,991186011;1;1
0,073248018;1;1
-4,799866986;1;1
0,389389679;1;1
-4,359100268;1;1
0,954505989;1;1
-3,669987545;1;1
1,767184452;1;1
-2,734251239;1;1
2,825393795;1;1
-1,554230204;1;1
4,126489047;1;1
-0,132873879;1;1
5,667218145;1;1
1,526265088;1;1
-2,556269929;1;1
3,419039711;1;1
-0,54841553;1;1
5,540719041;1;1
1,68576275;1;1
-2,114000017;1;1
4,14068063;1;1
0,449020558;1;1
-3,189797905;1;1
3,223374547;1;1
-0,312345271;1;1
6,202127512;1;1
2,765846401;1;1
-0,622165879;1;1
6,037083234;1;1
2,742556762;1;1
-0,50681116;1;1
6,28788538;1;1
3,125524754;1;1
0,004958499;1;1
-3,074987971;1;1
3,884485374;1;1
0,882153925;1;1
-2,083230793;1;1
4,987059649;1;1
2,091731388;1;1
-0,770530927;1;1
6,398936687;1;1
3,598778383;1;1
0,827619333;1;1
-1,915933417;1;1
5,366709926;1;1
2,674122786;1;1
0,004863104;1;1
-2,642525756;1;1
4,730485899;1;1
2,122415016;1;1
-0,468233284;1;1
6,957035232;1;1
4,396704851;1;1
1,84925086;1;1
-0,686859505;1;1
6,786833907;1;1
4,268785118;1;1
1,757442989;1;1
-0,74874781;1;1
6,74865417;1;1
4,248088137;1;1
1,747992023;1;1
-0,753196528;1;1
6,742960806;1;1
4,23490401;1;1
1,721075699;1;1
-0,800077903;1;1
6,669894007;1;1
4,129447775;1;1
1,577046261;1;1
-0,988840205;1;1
6,430267137;1;1
3,832856421;1;1
1,217426109;1;1
-1,417514078;1;1
5,926557774;1;1
3,248176697;1;1
0,545891755;1;1
-2,18173305;1;1
5,063882122;1;1
2,281333834;1;1
-0,530763748;1;1
6,626222008;1;1
3,750943055;1;1
0,842071513;1;1
-2,101699506;1;1
4,918344921;1;1
1,900942334;1;1
-1,155146328;1;1
5,748864055;1;1
2,611783539;1;1
-0,567552142;1;1
6,209719158;1;1
2,942486701;1;1
-0,370332436;1;1
6,270207315;1;1
2,863080669;1;1
-0,592707869;1;1
5,901876621;1;1
2,345900072;1;1
-1,261539985;1;1
5,078686147;1;1
1,365740869;1;1
-2,401180185;1;1
3,77715235;1;1
-0,099997946;1;1
5,966667183;1;1
1,976481107;1;1
-2,071187276;1;1
3,823066857;1;1
-0,341315372;1;1
5,435143803;1;1
1,151959119;1;1
-3,191317409;1;1
2,404903787;1;1
-2,059749911;1;1
3,414386923;1;1
-1,172982032;1;1
4,177885344;1;1
-0,533230229;1;1
4,693490703;1;1
-0,14209355;1;1
4,959914255;1;1
-0,000549632;1;1
4,97649008;1;1
-0,108952261;1;1
4,743176745;1;1
-0,467030487;1;1
4,260557415;1;1
-1,073889301;1;1
3,529838384;1;1
-1,928011872;1;1
2,552846071;1;1
-3,027263339;1;1
1,332022447;1;1
-4,368896145;1;1
-0,129581064;1;1
4,050443094;1;1
-1,828311215;1;1
2,234705205;1;1
-3,759922064;1;1
0,188428588;1;1
-5,919585592;1;1
-2,083272132;1;1
1,698096236;1;1
-4,574718884;1;1
-0,900922025;1;1
2,720315649;1;1
-3,710144183;1;1
-0,191407528;1;1
3,277451355;1;1
-3,302610621;1;1
0,06939403;1;1
-6,605517245;1;1
-3,326297684;1;1
-0,091871853;1;1
3,098863673;1;1
-3,752960374;1;1
-0,646186664;1;1
2,420368007;1;1
-4,55208802;1;1
-1,562322024;1;1
1,390922325;1;1
-5,691075817;1;1
-2,807015268;1;1
0,044426364;1;1
-7,135408141;1;1
-4,345156458;1;1
-1,583437567;1;1
1,151147387;1;1
-6,139985787;1;1
-3,455405205;1;1
-0,793663806;1;1
1,846699748;1;1
-5,53283985;1;1
-2,930795463;1;1
-0,345668449;1;1
2,224050412;1;1
-5,220120036;1;1
-2,676652265;1;1
-0,144011023;1;1
2,37934571;1;1
-5,105034245;1;1
-2,595598232;1;1
-0,090789728;1;1
2,410950678;1;1
-5,088815681;1;1
-2,588526533;1;1
-0,08661964;1;1
2,418466224;1;1
-5,071709699;1;1
-2,555591132;1;1
-0,03162573;1;1
2,50173395;1;1
-4,953970524;1;1
-2,397204416;1;1
0,173559216;1;1
-7,240161434;1;1
-4,636857871;1;1
-2,015032236;1;1
0,626801752;1;1
-6,70988213;1;1
-4,023623531;1;1
-1,312976437;1;1
1,423489922;1;1
-5,812809818;1;1
-3,020478044;1;1
-0,198135034;1;1
2,655580177;1;1
-4,457991054;1;1
-1,537527814;1;1
1,418269541;1;1
-5,589321429;1;1
-2,559046045;1;1
0,510326706;1;1
-6,379996597;1;1
-3,228834563;1;1
-0,035031727;1;1
3,202540723;1;1
-3,515015752;1;1
-0,186627735;1;1
3,188749477;1;1
-3,38786878;1;1
0,08450283;1;1
-6,393180976;1;1
-2,819996694;1;1
0,804947391;1;1
-5,517489357;1;1
-1,786480458;1;1
1,998767166;1;1
-4,160987304;1;1
-0,265019059;1;1
3,687361884;1;1
-2,303189746;1;1
1,763945113;1;1
-4,110650528;1;1
0,073569923;1;1
-5,682883696;1;1
-1,379538628;1;1
2,984040514;1;1
-2,591748527;1;1
1,893454098;1;1
-3,560029879;1;1
1,048082954;1;1
-4,281962486;1;1
0,45004007;1;1
-4,755741891;1;1
0,10082024;1;1
-4,980183893;1;1
0,001296334;1;1
-4,954727504;1;1
0,151717108;1;1
-4,679436352;1;1
0,55170659;1;1
-4,154998521;1;1
1,200265014;1;1
-3,382724833;1;1
2,095771321;1;1
-2,364545569;1;1
3,235987212;1;1
-1,103005648;1;1
4,618062741;1;1
0,398741737;1;1
-3,76145656;1;1
2,136943001;1;1
-1,90662105;1;1
4,107253546;1;1
0,177933149;1;1
-3,69525138;1;1
2,486995736;1;1
-1,276064369;1;1
5,014795258;1;1
1,358767872;1;1
-2,244986467;1;1
4,202659633;1;1
0,700801441;1;1
-2,751497333;1;1
3,844796048;1;1
0,488683952;1;1
-2,820860997;1;1
3,915104722;1;1
0,695496187;1;1
-2,480799289;1;1
4,385078537;1;1
1,291963554;1;1
-1,761335981;1;1
5,223963309;1;1
2,246620677;1;1
-0,694627974;1;1
6,398930705;1;1
3,525988308;1;1
0,685215492;1;1
-2,124737189;1;1
5,094761557;1;1
2,342324616;1;1
-0,383452668;1;1
6,916008393;1;1
4,239270708;1;1
1,584882315;1;1
-1,048622717;1;1
6,33727663;1;1
3,741089245;1;1
1,161312825;1;1
-1,403565191;1;1
6,044933324;1;1
3,505278138;1;1
0,975931617;1;1
-1,544650318;1;1
5,941982778;1;1
3,43427684;1;1
0,930674265;1;1
-1,570385114;1;1
5,929536947;1;1
3,428878077;1;1
0,92607627;1;1
-1,580429141;1;1
5,907803489;1;1
3,389219098;1;1
0,86226688;1;1
-1,674598738;1;1
5,777082865;1;1
3,215779467;1;1
0,639966963;1;1
-1,951869686;1;1
5,438764497;1;1
2,810375443;1;1
0,161480972;1;1
-2,50938828;1;1
4,796312056;1;1
2,077140992;1;1
-0,668326915;1;1
6,558499325;1;1
3,756228019;1;1
0,923485658;1;1
-1,941082225;1;1
5,161189796;1;1
2,228987869;1;1
-0,738980313;1;1
6,256015298;1;1
3,212727892;1;1
0,129934589;1;1
-2,993562802;1;1
3,841062964;1;1
0,632665306;1;1
-2,619875468;1;1
4,082348537;1;1
0,738273485;1;1
-2,653135523;1;1
3,907116197;1;1
0,418053538;1;1
-3,121267787;1;1
3,288239345;1;1
-0,35430596;1;1
5,95024793;1;1
2,201085714;1;1
-1,602574343;1;1
4,538520087;1;1
0,623655857;1;1
-3,347845208;1;1
2,623374113;1;1
-1,46329316;1;1
4,391582171;1;1
0,187465835;1;1
-4,076139569;1;1
1,600305737;1;1
-2,783621003;1;1
2,771695184;1;1
-1,734092756;1;1
3,698706311;1;1
-0,9301781;1;1
4,379022074;1;1
-0,373886405;1;1
4,810942037;1;1
-0,06660811;1;1
4,993386626;1;1
-0,00911125;1;1
4,925899823;1;1
-0,201539538;1;1
4,608650312;1;1
-0,643412002;1;1
4,04243105;1;1
-1,333624193;1;1
3,22865729;1;1
-2,270450939;1;1
2,169363044;1;1
-3,451550661;1;1
0,867195995;1;1
-4,873971225;1;1
-0,674589117;1;1
3,46584268;1;1
-2,452138633;1;1
1,572040654;1;1
-4,461009604;1;1
-0,550643784;1;1
3,303819101;1;1
-2,896905028;1;1
0,847934245;1;1
-5,460878647;1;1
-1,822525737;1;1
1,763843958;1;1
-4,700886087;1;1
-1,215800465;1;1
2,220047597;1;1
-4,392364357;1;1
-1,052028622;1;1
2,242092038;1;1
-4,508936259;1;1
-1,304019175;1;1
1,857965157;1;1
-5,021834564;1;1
-1,942243522;1;1
1,097938474;1;1
-5,900063752;1;1
-2,935001515;1;1
-0,005603044;1;1
2,889425719;1;1
-4,248599688;1;1
-1,418343068;1;1
1,381551598;1;1
-5,847540696;1;1
-3,104226839;1;1
-0,387096478;1;1
2,305277109;1;1
-5,025663888;1;1
-2,378462707;1;1
0,248351075;1;1
-7,143739378;1;1
-4,553239087;1;1
-1,978642193;1;1
0,581567102;1;1
-6,871086413;1;1
-4,335069909;1;1
-1,808843476;1;1
0,709138914;1;1
-6,77957156;1;1
-4,273419534;1;1
-1,770846434;1;1
0,72970855;1;1
-6,770192511;1;1
-4,268987258;1;1
-1,765114028;1;1
0,742987179;1;1
-6,743126283;1;1
-4,221900673;1;1
-1,691786838;1;1
0,84875882;1;1
-6,598726619;1;1
-4,032713557;1;1
-1,451680832;1;1
1,145883333;1;1
-6,238519618;1;1
-3,603399512;1;1
-0,947278374;1;1
1,731308642;1;1
-5,566187656;1;1
-2,838331406;1;1
-0,083702594;1;1
2,699102065;1;1
-4,488531755;1;1
-1,645236854;1;1
1,23033464;1;1
-5,860489576;1;1
-2,916402804;1;1
0,063879834;1;1
-6,918379404;1;1
-3,86194167;1;1
-0,765592301;1;1
2,371858422;1;1
-4,448425468;1;1
-101,2253064;-1;1
-97,95767374;-1;1
-94,64444495;-1;1
-91,28456582;-1;1
-87,87701132;-1;1
-84,42078622;-1;1
-80,91492571;-1;1
-77,35849601;-1;1
-73,75059493;-1;1
-70,09035245;-1;1
-66,37693128;-1;1
-62,60952733;-1;1
-58,78737028;-1;1
-54,90972401;-1;1
-50,9758871;-1;1
-46,98519321;-1;1
-42,93701158;-1;1
-38,83074733;-1;-1
-34,66584193;-1;-1
-30,44177345;-1;-1
-26,15805697;-1;-1
-21,81424484;-1;-1
-17,40992696;-1;-1
-12,94473104;-1;-1
-8,418322852;-1;-1
-3,830406417;-1;-1
0,819275805;-1;-1
-4,469057249;-1;-1
0,304774619;-1;-1
-4,859087241;-1;-1
0,039459577;-1;-1
-4,99952152;-1;-1
0,023993828;-1;-1
-4,890009075;-1;-1
0,258416027;-1;-1
-4,530823628;-1;-1
0,742140242;-1;-1
-3,922862956;-1;-1
1,473957414;-1;-1
-3,067646646;-1;-1
2,452038381;-1;-1
-1,967312291;-1;-1
3,67393845;-1;-1
-0,624610155;-1;-1
5,136603507;-1;-1
0,957103705;-1;-1
-3,163622348;-1;-1
2,77387583;-1;-1
-1,230987666;-1;-1
4,821165235;-1;-1
0,929676973;-1;-1
-2,906145237;-1;-1
3,312971032;-1;-1
-0,413736127;-1;-1
5,912937518;-1;-1
2,29216284;-1;-1
-1,276922131;-1;-1
5,204788328;-1;-1
1,736368197;-1;-1
-1,683139712;-1;-1
4,945276845;-1;-1
1,620600161;-1;-1
-1,658216787;-1;-1
5,107750319;-1;-1
1,917397805;-1;-1
-1,230405299;-1;-1
5,663183445;-1;-1
2,596980605;-1;-1
-0,430222379;-1;-1
6,580341559;-1;-1
3,627415881;-1;-1
0,709721234;-1;-1
-2,174043757;-1;-1
4,974798332;-1;-1
2,154904543;-1;-1
-0,635087618;-1;-1
6,603440665;-1;-1
3,869090385;-1;-1
1,160445584;-1;-1
-1,523925759;-1;-1
5,814529162;-1;-1
3,17434889;-1;-1
0,554058614;-1;-1
-2,047828908;-1;-1
5,367187583;-1;-1
2,797598781;-1;-1
0,241885756;-1;-1
-2,301479091;-1;-1
5,165968924;-1;-1
2,642687725;-1;-1
0,127129445;-1;-1
-2,382258613;-1;-1
5,112967;-1;-1
2,61124685;-1;-1
0,111019593;-1;-1
-2,389277048;-1;-1
5,108794694;-1;-1
2,603673606;-1;-1
0,093800469;-1;-1
-2,422380964;-1;-1
5,053577;-1;-1
2,520126969;-1;-1
-0,024272572;-1;-1
7,418843708;-1;-1
4,847948941;-1;-1
2,261525014;-1;-1
-0,341936478;-1;-1
7,036066705;-1;-1
4,39404839;-1;-1
1,730534913;-1;-1
-0,955933952;-1;-1
6,333195913;-1;-1
3,596493876;-1;-1
0,832545449;-1;-1
-1,960046827;-1;-1
5,217337491;-1;-1
2,363337607;-1;-1
-0,523387659;-1;-1
6,555840966;-1;-1
3,599724031;-1;-1
0,606984177;-1;-1
-2,42363307;-1;-1
4,506641491;-1;-1
1,3966015;-1;-1
-1,754934205;-1;-1
5,050879145;-1;-1
1,812912977;-1;-1
-1,469933925;-1;-1
5,201265275;-1;-1
1,825466132;-1;-1
-1,598346426;-1;-1
4,928842535;-1;-1
1,40607857;-1;-1
-2,167561543;-1;-1
4,207030765;-1;-1
0,528996421;-1;-1
-3,202490762;-1;-1
3,011776437;-1;-1
-0,82896086;-1;-1
5,274572847;-1;-1
1,321687885;-1;-1
-2,68827016;-1;-1
3,244079968;-1;-1
-0,881844418;-1;-1
4,933410413;-1;-1
0,689334952;-1;-1
-3,614543228;-1;-1
2,021340818;-1;-1
-2,403410315;-1;-1
3,11084386;-1;-1
-1,436218048;-1;-1
3,955120888;-1;-1
-0,715383906;-1;-1
4,552061648;-1;-1
-0,242709597;-1;-1
4,9001741;-1;-1
-0,019376561;-1;-1
4,998588143;-1;-1
-0,045943015;-1;-1
4,847057794;-1;-1
-0,322342557;-1;-1
4,4459618;-1;-1
-0,847884331;-1;-1
3,796302693;-1;-1
-1,621254757;-1;-1
2,89970428;-1;-1
-2,640520811;-1;-1
1,758407592;-1;-1
-3,90313486;-1;-1
0,375265276;-1;-1
-5,405941025;-1;-1
-1,246265533;-1;-1
2,854816927;-1;-1
-3,102131852;-1;-1
0,883486193;-1;-1
-5,187694982;-1;-1
-1,315005924;-1;-1
2,502257899;-1;-1
-3,735164341;-1;-1
-0,026499295;-1;-1
3,62906008;-1;-1
-2,767645987;-1;-1
0,784255403;-1;-1
-5,714330738;-1;-1
-2,262467841;-1;-1
1,140811629;-1;-1
-5,50349443;-1;-1
-2,19435838;-1;-1
1,069276514;-1;-1
-5,711504577;-1;-1
-2,535588721;-1;-1
0,598164073;-1;-1
-6,30907985;-1;-1
-3,256128525;-1;-1
-0,241765109;-1;-1
2,735251355;-1;-1
-4,323814834;-1;-1
-1,417676827;-1;-1
1,454973973;-1;-1
-5,704532911;-1;-1
-2,894847857;-1;-1
-0,11460199;-1;-1
2,637591965;-1;-1
-4,636861188;-1;-1
-1,936539989;-1;-1
0,739992787;-1;-1
-6,605810769;-1;-1
-3,972484606;-1;-1
-1,358549631;-1;-1
1,23748537;-1;-1
-6,182877203;-1;-1
-3,618124702;-1;-1
-1,066735178;-1;-1
1,472821673;-1;-1
-5,997916454;-1;-1
-3,477405428;-1;-1
-0,964095648;-1;-1
1,543566986;-1;-1
-5,952859896;-1;-1
-3,45181611;-1;-1
-0,951739888;-1;-1
1,548931141;-1;-1
-5,948241025;-1;-1
-3,441695733;-1;-1
-0,929874657;-1;-1
1,588777235;-1;-1
-5,884189295;-1;-1
-3,347228723;-1;-1
-0,798801732;-1;-1
1,762623834;-1;-1
-5,661427996;-1;-1
-3,069442269;-1;-1
-0,459914054;-1;-1
2,168650615;-1;-1
-5,182266191;-1;-1
-2,511195226;-1;-1
0,183319015;-1;-1
-7,097282614;-1;-1
-4,351574812;-1;-1
-1,57814872;-1;-1
1,224387199;-1;-1
-5,942593711;-1;-1
-3,077737159;-1;-1
-0,179708748;-1;-1
2,752805184;-1;-1
-4,278903251;-1;-1
-1,273564301;-1;-1
1,770068633;-1;-1
-5,146781785;-1;-1
-2,022917584;-1;-1
1,142833758;-1;-1
-5,648381413;-1;-1
-2,395443644;-1;-1
0,90273892;-1;-1
-5,75277014;-1;-1
-2,360936184;-1;-1
1,079245838;-1;-1
-5,431249237;-1;-1
-1,891477399;-1;-1
1,699473946;-1;-1
-4,657514591;-1;-1
-0,961594938;-1;-1
2,788047914;-1;-1
-3,407804602;-1;-1
0,451594881;-1;-1
-5,633040797;-1;-1
-1,661033775;-1;-1
2,368258409;-1;-1
-3,544557584;-1;-1
0,601088727;-1;-1
-5,194268715;-1;-1
-0,930132838;-1;-1
3,39395625;-1;-1
-2,22157903;-1;-1
2,223646012;-1;-1
-3,270021908;-1;-1
1,297725738;-1;-1
-4,072840908;-1;-1
0,618509747;-1;-1
-4,628029402;-1;-1
0,187695724;-1;-1
-4,934199708;-1;-1
0,006360481;-1;-1
-4,99058656;-1;-1
0,074957261;-1;-1
-4,797049019;-1;-1
0,393314608;-1;-1
-4,354070829;-1;-1
0,960636795;-1;-1
-3,662759204;-1;-1
1,77550581;-1;-1
-2,724842064;-1;-1
2,835884907;-1;-1
-1,542663713;-1;-1
4,139123689;-1;-1
-0,119178981;-1;-1
5,681964739;-1;-1
1,542054161;-1;-1
-2,539448243;-1;-1
3,436883496;-1;-1
-0,529560798;-1;-1
5,560572937;-1;-1
1,706603402;-1;-1
-2,092185633;-1;-1
4,163455112;-1;-1
0,472740903;-1;-1
-3,16514652;-1;-1
3,248941567;-1;-1
-0,285878596;-1;-1
6,229477302;-1;-1
2,794062212;-1;-1
-0,59310168;-1;-1
6,066977656;-1;-1
2,773262725;-1;-1
-0,475312847;-1;-1
6,320156357;-1;-1
3,158548229;-1;-1
0,038713831;-1;-1
-3,040521877;-1;-1
3,91964069;-1;-1
0,917976492;-1;-1
-2,046763364;-1;-1
5,02414915;-1;-1
2,129419782;-1;-1
-0,732267195;-1;-1
6,437751844;-1;-1
3,638120706;-1;-1
0,867464235;-1;-1
-1,875610838;-1;-1
5,407484982;-1;-1
2,715324835;-1;-1
0,046466397;-1;-1
-2,600547221;-1;-1
4,772813443;-1;-1
2,165065114;-1;-1
-0,425287287;-1;-1
7,000250289;-1;-1
4,44016196;-1;-1
1,89292286;-1;-1
-0,642999905;-1;-1
6,830853695;-1;-1
4,312937582;-1;-1
1,801700536;-1;-1
-0,704412839;-1;-1
6,793038857;-1;-1
4,2924948;-1;-1
1,792392911;-1;-1
-0,708829166;-1;-1
6,787266915;-1;-1
4,279121176;-1;-1
1,765176287;-1;-1
-0,756121453;-1;-1
6,713678846;-1;-1
4,17303364;-1;-1
1,620405912;-1;-1
-0,945733866;-1;-1
6,473093223;-1;-1
3,87537549;-1;-1
1,259611587;-1;-1
-1,375688555;-1;-1
5,967997203;-1;-1
3,289204133;-1;-1
0,586481557;-1;-1
-2,141606249;-1;-1
5,103520844;-1;-1
2,320459705;-1;-1
-0,492175182;-1;-1
6,664249153;-1;-1
3,788385014;-1;-1
0,878904885;-1;-1
-2,06549774;-1;-1
4,953892456;-1;-1
1,935813421;-1;-1
-1,120973481;-1;-1
5,782317305;-1;-1
2,644496284;-1;-1
-0,535600346;-1;-1
6,240890036;-1;-1
2,972857181;-1;-1
-0,340781335;-1;-1
6,298920568;-1;-1
2,890938129;-1;-1
-0,565723611;-1;-1
5,927970812;-1;-1
2,371087888;-1;-1
-1,237274285;-1;-1
5,102014565;-1;-1
1,388117426;-1;-1
-2,379769474;-1;-1
3,797583834;-1;-1
-0,080558458;-1;-1
5,985102527;-1;-1
1,993900784;-1;-1
-2,054794152;-1;-1
3,838423183;-1;-1
-0,327005441;-1;-1
5,448398395;-1;-1
1,164150088;-1;-1
-3,180197681;-1;-1
2,414945324;-1;-1
-2,05079284;-1;-1
3,422253929;-1;-1
-1,166210006;-1;-1
4,183558157;-1;-1
-0,528660176;-1;-1
4,696955143;-1;-1
-0,139736891;-1;-1
4,961161662;-1;-1
-0,000412257;-1;-1
4,975517336;-1;-1
-0,111034515;-1;-1
4,739986283;-1;-1
-0,471327165;-1;-1
4,255157207;-1;-1
-1,080389663;-1;-1
3,52224193;-1;-1
-1,936699671;-1;-1
2,543072357;-1;-1
-3,038116859;-1;-1
1,320095903;-1;-1
-4,381888259;-1;-1
-0,143630628;-1;-1
4,035344859;-1;-1
-1,844448683;-1;-1
2,217538588;-1;-1
-3,778107101;-1;-1
0,169236496;-1;-1
-5,939772744;-1;-1
-2,104441728;-1;-1
1,675957426;-1;-1
-4,597813072;-1;-1
-0,924957157;-1;-1
2,695354593;-1;-1
-3,736015562;-1;-1
-0,218173062;-1;-1
3,249808393;-1;-1
-3,331113734;-1;-1
0,04004858;-1;-1
-6,635686694;-1;-1
-3,357272276;-1;-1
-0,12363223;-1;-1
3,066337361;-1;-1
-3,786232294;-1;-1
-0,680183398;-1;-1
2,385667706;-1;-1
-4,587470201;-1;-1
-1,598363973;-1;-1
1,354243133;-1;-1
-5,728369328;-1;-1
-2,844899791;-1;-1
0,005974505;-1;-1
-7,174403305;-1;-1
-4,384670555;-1;-1
-1,623445902;-1;-1
1,110669816;-1;-1
-6,180907295;-1;-1
-3,496745077;-1;-1
-0,835396204;-1;-1
1,804600904;-1;-1
-5,575278829;-1;-1
-2,973548054;-1;-1
-0,388707933;-1;-1
2,180750932;-1;-1
-5,26365245;-1;-1
-2,720390406;-1;-1
-0,187927557;-1;-1
2,33527823;-1;-1
-5,149225131;-1;-1
-2,639884906;-1;-1
-0,135144512;-1;-1
2,366555504;-1;-1
-5,133223499;-1;-1
-2,632919242;-1;-1
-0,130969496;-1;-1
2,374186939;-1;-1
-5,115890742;-1;-1
-2,599646319;-1;-1
-0,075527529;-1;-1
2,458012976;-1;-1
-4,997483348;-1;-1
-2,440481896;-1;-1
0,130544127;-1;-1
-7,28288725;-1;-1
-4,679267711;-1;-1
-2,057099595;-1;-1
0,585103164;-1;-1
-6,751185886;-1;-1
-4,064506641;-1;-1
-1,353413352;-1;-1
1,383524475;-1;-1
-5,85227882;-1;-1
-3,059425935;-1;-1
-0,236537472;-1;-1
2,617747192;-1;-1
-4,495230942;-1;-1
-1,57415133;-1;-1
1,382285285;-1;-1
-5,624643937;-1;-1
-2,593684729;-1;-1
0,476393493;-1;-1
-6,41320313;-1;-1
-3,261293663;-1;-1
-0,06672311;-1;-1
3,171636864;-1;-1
-3,545112772;-1;-1
-0,215899107;-1;-1
3,160322046;-1;-1
-3,415434503;-1;-1
0,057816042;-1;-1
-6,418972151;-1;-1
-2,844876136;-1;-1
0,78099523;-1;-1
-5,540499268;-1;-1
-1,808533738;-1;-1
1,9776843;-1;-1
-4,181086581;-1;-1
-0,284122185;-1;-1
3,669266849;-1;-1
-2,320265383;-1;-1
1,747899547;-1;-1
-4,125655996;-1;-1
0,059613931;-1;-1
-5,69578149;-1;-1
-1,391370163;-1;-1
2,973282633;-1;-1
-2,601426032;-1;-1
1,884863018;-1;-1
-3,567529165;-1;-1
1,041680149;-1;-1
-4,287264808;-1;-1
0,445841543;-1;-1
-4,758833998;-1;-1
0,098836486;-1;-1
-4,981058055;-1;-1
0,00153231;-1;-1
-4,953381537;-1;-1
0,154172226;-1;-1
-4,675873619;-1;-1
0,556374712;-1;-1
-4,149227928;-1;-1
1,207134472;-1;-1
-3,374760803;-1;-1
2,104824946;-1;-1
-2,354408008;-1;-1
3,247202374;-1;-1
-1,090719895;-1;-1
4,631411409;-1;-1
0,413144976;-1;-1
-3,746007752;-1;-1
2,153427723;-1;-1
-1,889110716;-1;-1
4,125778548;-1;-1
0,197461243;-1;-1
-3,674732399;-1;-1
2,50849278;-1;-1
-1,253602697;-1;-1
5,03820752;-1;-1
1,383116092;-1;-1
-2,219717505;-1;-1
4,228833544;-1;-1
0,727863943;-1;-1
-2,723563153;-1;-1
3,873584448;-1;-1
0,518308581;-1;-1
-2,790418654;-1;-1
3,946345754;-1;-1
0,727516382;-1;-1
-2,448019942;-1;-1
4,418596551;-1;-1
1,326199286;-1;-1
-1,726403926;-1;-1
5,259569855;-1;-1
2,282879461;-1;-1
-0,657739613;-1;-1
6,43642559;-1;-1
3,564066283;-1;-1
0,72385276;-1;-1
-2,085564775;-1;-1
5,134444635;-1;-1
2,382493557;-1;-1
-0,342822966;-1;-1
6,957073461;-1;-1
4,28074548;-1;-1
1,626740869;-1;-1
-1,006406541;-1;-1
6,379824044;-1;-1
3,783941308;-1;-1
1,204442754;-1;-1
-1,36018435;-1;-1
6,088537965;-1;-1
3,549079328;-1;-1
1,019901982;-1;-1
-1,500538259;-1;-1
5,986208963;-1;-1
3,47858951;-1;-1
0,975045727;-1;-1
-1,52598259;-1;-1
5,973942781;-1;-1
3,47325947;-1;-1
0,970405486;-1;-1
-1,536179809;-1;-1
5,951945285;-1;-1
3,43322577;-1;-1
0,906110926;-1;-1
-1,63094472;-1;-1
5,820519572;-1;-1
3,258971718;-1;-1
0,682887763;-1;-1
-1,90924716;-1;-1
5,48106211;-1;-1
2,852321709;-1;-1
0,203049676;-1;-1
-2,468223117;-1;-1
4,837047951;-1;-1
2,117422161;-1;-1
-0,628525647;-1;-1
6,597795818;-1;-1
3,794995177;-1;-1
0,961699253;-1;-1
-1,903446074;-1;-1
5,19822498;-1;-1
2,265398941;-1;-1
-0,703216108;-1;-1
6,291110283;-1;-1
3,247131725;-1;-1
0,163625768;-1;-1
-2,960605333;-1;-1
3,873266126;-1;-1
0,664094036;-1;-1
-2,589240813;-1;-1
4,11216997;-1;-1
0,76726306;-1;-1
-2,624995923;-1;-1
3,934388235;-1;-1
0,44444097;-1;-1
-3,095781452;-1;-1
3,312808655;-1;-1
-0,330669031;-1;-1
5,972937707;-1;-1
2,222814158;-1;-1
-1,581820812;-1;-1
4,558285735;-1;-1
0,642421269;-1;-1
-3,33009176;-1;-1
2,640104502;-1;-1
-1,447596285;-1;-1
4,40623572;-1;-1
0,201066902;-1;-1
-4,063599485;-1;-1
1,611777001;-1;-1
-2,773225729;-1;-1
2,781007972;-1;-1
-1,725868274;-1;-1
3,705837347;-1;-1
-0,924144968;-1;-1
4,383953533;-1;-1
-0,370059702;-1;-1
4,813661593;-1;-1
-0,064997401;-1;-1
4,993887482;-1;-1
-0,009720561;-1;-1
4,924180727;-1;-1
-0,204367345;-1;-1
4,604715561;-1;-1
-0,648451239;-1;-1
4,036290478;-1;-1
-1,340862263;-1;-1
3,220326247;-1;-1
-2,279869751;-1;-1
2,158862352;-1;-1
-3,463126672;-1;-1
0,8545519;-1;-1
-4,887675502;-1;-1
-0,689345011;-1;-1
3,45004439;-1;-1
-2,468969444;-1;-1
1,55418784;-1;-1
-4,479873264;-1;-1
-0,5705065;-1;-1
3,282969742;-1;-1
-2,918727999;-1;-1
0,8251513;-1;-1
-5,484607328;-1;-1
-1,847185324;-1;-1
1,738268877;-1;-1
-4,727360679;-1;-1
-1,243158022;-1;-1
2,191824173;-1;-1
-4,42143601;-1;-1
-1,081930335;-1;-1
2,211378952;-1;-1
-4,540441521;-1;-1
-1,336296926;-1;-1
1,824935091;-1;-1
-5,055596302;-1;-1
-1,976715833;-1;-1
1,062777135;-1;-1
-5,935892145;-1;-1
-2,97147457;-1;-1
-0,042697967;-1;-1
2,851732111;-1;-1
-4,286868423;-1;-1
-1,457163014;-1;-1
1,342204703;-1;-1
-5,88738995;-1;-1
-3,144553548;-1;-1
-0,427875438;-1;-1
2,264071383;-1;-1
-5,067270629;-1;-1
-2,420444459;-1;-1
0,20602055;-1;-1
-7,186392221;-1;-1
-4,596187592;-1;-1
-2,021859519;-1;-1
0,538107965;-1;-1
-6,9147602;-1;-1
-4,378931052;-1;-1
-1,852864563;-1;-1
0,664985395;-1;-1
-6,823829917;-1;-1
-4,317755068;-1;-1
-1,815231438;-1;-1
0,685301815;-1;-1
-6,814593222;-1;-1
-4,313354198;-1;-1
-1,809419468;-1;-1
0,698770927;-1;-1
-6,787225712;-1;-1
-4,265855719;-1;-1
-1,73557003;-1;-1
0,805174845;-1;-1
-6,642084139;-1;-1
-4,075817525;-1;-1
-1,494504308;-1;-1
1,103367111;-1;-1
-6,280702015;-1;-1
-3,64522172;-1;-1
-0,988714257;-1;-1
1,690284981;-1;-1
-5,606773457;-1;-1
-2,878453982;-1;-1
-0,12333687;-1;-1
2,659980859;-1;-1
-4,527115441;-1;-1
-1,683258906;-1;-1
1,192897984;-1;-1
-5,897317439;-1;-1
-2,952598859;-1;-1
0,02833821;-1;-1
-6,953244385;-1;-1
-3,896108219;-1;-1
-0,799039065;-1;-1
2,339152346;-1;-1
-4,480370415;-1;-1
-1,256470207;-1;-1
2,011962976;-1;-1
-4,673988694;-1;-1
-1,313271552;-1;-1
2,095138901;-1;-1
-4,447762644;-1;-1
-0,941011923;-1;-1
2,616324296;-1;-1
-3,77485237;-1;-1
-0,113672481;-1;-1
3,600700684;-1;-1
-2,630929402;-1;-1
1,192206991;-1;-1
-4,929154637;-1;-1
-0,99431347;-1;-1
2,99739618;-1;-1
-2,953395537;-1;-1
1,153905593;-1;-1
-4,680142523;-1;-1
-0,455018632;-1;-1
103,8297615;1;-1
98,17464498;1;-1
92,58004111;1;-1
87,04632155;1;-1
81,57381985;1;-1
76,1628313;1;-1
70,81361277;1;-1
65,5263825;1;-1
60,30132001;1;-1
55,13856595;1;1
50,03822203;1;1
45,00035097;1;1
40,02497643;1;1
35,11208303;1;1
30,26161632;1;1
25,47348286;1;1
20,74755024;1;1
16,08364716;1;1
11,48156358;1;1
6,941050822;1;1
2,461821713;1;1
-1,95644921;1;1
3,685874492;1;1
-0,611608613;1;1
5,150662425;1;1
0,972211212;1;1
-3,147475694;1;1
2,79105154;1;1
-1,212793634;1;1
4,840366218;1;1
0,949872907;1;1
-2,884966974;1;1
3,335118389;1;1
-0,390633518;1;1
5,936980941;1;1
2,317132051;1;1
-1,251042738;1;1
5,23156173;1;1
1,764018875;1;1
-1,654629039;1;1
4,974629696;1;1
1,650776844;1;1
-1,62723513;1;1
5,139517586;1;1
1,949930829;1;1
-1,197126849;1;1
5,697186522;1;1
2,631687058;1;1
-0,39483424;1;1
6,616389267;1;1
3,664100631;1;1
0,747020097;1;1
-2,13615409;1;1
5,013255123;1;1
2,193904424;1;1
-0,595569022;1;1
6,643453279;1;1
3,90957201;1;1
1,201370921;1;1
-1,482582288;1;1
5,85626493;1;1
3,216450871;1;1
0,596500495;1;1
-2,005073651;1;1
5,410229496;1;1
2,840900448;1;1
0,285420116;1;1
-2,257739245;1;1
5,20988692;1;1
2,686756423;1;1
0,171321303;1;1
-2,337971212;1;1
5,157322265;1;1
2,655642258;1;1
0,155427399;1;1
-2,344884598;1;1
5,153144045;1;1
2,647952141;1;1
0,137980515;1;1
-2,378327018;1;1
5,097477314;1;1
2,563846214;1;1
0,019238281;1;1
-2,537881023;1;1
4,890961579;1;1
2,304248141;1;1
-0,299529564;1;1
7,078130904;1;1
4,435743585;1;1
1,771835046;1;1
-0,915054692;1;1
6,373628751;1;1
3,636455023;1;1
0,872009931;1;1
-1,921103674;1;1
5,255734976;1;1
2,401165427;1;1
-0,486153144;1;1
6,592458905;1;1
3,635702509;1;1
0,642300708;1;1
-2,389000557;1;1
4,540568341;1;1
1,429801485;1;1
-1,722481834;1;1
5,08256362;1;1
1,843809753;1;1
-1,439844156;1;1
5,230529232;1;1
1,853885988;1;1
-1,570788434;1;1
4,955521441;1;1
1,431861717;1;1
-2,142690269;1;1
4,230974623;1;1
0,551997898;1;1
-3,180446042;1;1
3,032850624;1;1
-0,808870376;1;1
5,293667071;1;1
1,339773915;1;1
-2,671203626;1;1
3,26011634;1;1
-0,86684823;1;1
4,947357044;1;1
0,70222331;1;1
-3,602721198;1;1
2,032089133;1;1
-102,3937424;-1;1
-96,88057473;-1;1
-91,42872848;-1;1
-86,03848606;-1;1
-80,71009137;-1;1
-75,44374964;-1;1
-70,23962733;-1;1
-65,097852;-1;1
-60,01851226;-1;1
-55,00165769;-1;1
-50,04729884;-1;1
-45,15540717;-1;1
-40,32591512;-1;1
-35,55871613;-1;-1
-30,8536647;-1;-1
-26,21057651;-1;-1
-21,62922849;-1;-1
-17,109359;-1;-1
-12,65066797;-1;-1
-8,25281711;-1;-1
-3,915430089;-1;-1
0,361907205;-1;-1
-5,42035359;-1;-1
-1,261723585;-1;-1
2,838323049;-1;-1
-3,119651247;-1;-1
0,86495223;-1;-1
-5,207231931;-1;-1
-1,335533649;-1;-1
2,480752228;-1;-1
-3,757634518;-1;-1
-0,049919934;-1;-1
3,604703614;-1;-1
-2,792923056;-1;-1
0,758073527;-1;-1
-5,741401057;-1;-1
-2,290409686;-1;-1
1,112015721;-1;-1
-5,533126404;-1;-1
-2,224807901;-1;-1
1,038028476;-1;-1
-5,743531603;-1;-1
-2,56837472;-1;-1
0,564639592;-1;-1
-6,343321861;-1;-1
-3,291066667;-1;-1
-0,277377546;-1;-1
2,698986879;-1;-1
-4,360708685;-1;-1
-1,455176994;-1;-1
1,416890925;-1;-1
-5,743175038;-1;-1
-2,934024914;-1;-1
-0,154289493;-1;-1
2,597418819;-1;-1
-4,677494868;-1;-1
-1,977608809;-1;-1
0,698514493;-1;-1
-6,647672615;-1;-1
-4,014703841;-1;-1
-1,401099869;-1;-1
1,194630722;-1;-1
-6,226009479;-1;-1
-3,66150765;-1;-1
-1,110341685;-1;-1
1,42901886;-1;-1
-6,041888198;-1;-1
-3,521518622;-1;-1
-1,008322722;-1;-1
1,499253672;-1;-1
-5,997231757;-1;-1
-3,496218785;-1;-1
-0,996145627;-1;-1
1,504550089;-1;-1
-5,992569652;-1;-1
-3,485944233;-1;-1
-0,974015374;-1;-1
1,544771887;-1;-1
-5,928031773;-1;-1
-3,390880931;-1;-1
-0,842236387;-1;-1
1,719433876;-1;-1
-5,704346265;-1;-1
-3,112062026;-1;-1
-0,502208663;-1;-1
2,126707587;-1;-1
-5,223831425;-1;-1
-2,55235669;-1;-1
0,142587047;-1;-1
-7,137559631;-1;-1
-4,391371706;-1;-1
-1,617440619;-1;-1
1,185624852;-1;-1
-5,980802282;-1;-1
-3,115368075;-1;-1
-0,216738491;-1;-1
2,716399757;-1;-1
-4,314661609;-1;-1
-1,308653243;-1;-1
1,735671036;-1;-1
-5,180466539;-1;-1
-2,055868444;-1;-1
1,110637386;-1;-1
-5,679803175;-1;-1
-2,426071159;-1;-1
0,872924793;-1;-1
-5,781752246;-1;-1
-2,389068156;-1;-1
1,051981582;-1;-1
-5,457628738;-1;-1
-1,916955659;-1;-1
1,674912851;-1;-1
-4,681143172;-1;-1
-0,984276238;-1;-1
2,766328071;-1;-1
-3,428549415;-1;-1
0,431838063;-1;-1
-5,651797272;-1;-1
-1,678778185;-1;-1
2,351537153;-1;-1
-3,560245234;-1;-1
0,586444486;-1;-1
-5,207860395;-1;-1
-0,942663462;-1;-1
3,382494512;-1;-1
-2,231964718;-1;-1
2,214342865;-1;-1
-3,278236699;-1;-1
1,290604435;-1;-1
-4,078864271;-1;-1
0,613588088;-1;-1
-4,631846282;-1;-1
0,18498601;-1;-1
-4,935800564;-1;-1
0,005869485;-1;-1
-4,98996739;-1;-1
0,07668621;-1;-1
-4,794211371;-1;-1
0,397259181;-1;-1
-4,349021796;-1;-1
0,966787132;-1;-1
-3,655511406;-1;-1
1,783846539;-1;-1
-2,715413617;-1;-1
2,84639518;-1;-1
-1,531078183;-1;-1
4,151777236;-1;-1
-0,105465325;-1;-1
5,696729933;-1;-1
1,557861665;-1;-1
-2,522608308;-1;-1
3,454745338;-1;-1
-0,510688212;-1;-1
5,580444471;-1;-1
1,727461467;-1;-1
-2,070354075;-1;-1
4,18624652;-1;-1
0,496477918;-1;-1
-3,140478733;-1;-1
3,274524708;-1;-1
-0,259396088;-1;-1
6,256842625;-1;-1
2,822293248;-1;-1
-0,564022574;-1;-1
6,096886658;-1;-1
2,803982931;-1;-1
-0,443800636;-1;-1
6,352440879;-1;-1
3,191584884;-1;-1
0,072481974;-1;-1
-3,00604335;-1;-1
3,954808051;-1;-1
0,95381071;-1;-1
-2,010284684;-1;-1
5,061249494;-1;-1
2,167118602;-1;-1
-0,693993458;-1;-1
6,476576577;-1;-1
3,677472172;-1;-1
0,90731784;-1;-1
-1,835280002;-1;-1
5,448267845;-1;-1
2,756534237;-1;-1
0,088076583;-1;-1
-2,558562256;-1;-1
4,815146947;-1;-1
2,2077207;-1;-1
-0,382336276;-1;-1
7,043469881;-1;-1
4,483623123;-1;-1
1,936598432;-1;-1
-0,599137221;-1;-1
6,874876079;-1;-1
4,357092154;-1;-1
1,8459597;-1;-1
-0,660076743;-1;-1
6,837424176;-1;-1
4,336901603;-1;-1
1,836793445;-1;-1
-0,66446265;-1;-1
6,831571686;-1;-1
4,323336512;-1;-1
1,809274556;-1;-1
-0,712167812;-1;-1
6,757460389;-1;-1
4,216615724;-1;-1
1,663761299;-1;-1
-0,902632271;-1;-1
6,515914088;-1;-1
3,917888864;-1;-1
1,301790901;-1;-1
-1,333869663;-1;-1
6,009429538;-1;-1
3,330224018;-1;-1
0,627063355;-1;-1
-2,1014879;-1;-1
5,143150671;-1;-1
2,359576243;-1;-1
-0,453596379;-1;-1
6,70226611;-1;-1
3,825816365;-1;-1
0,915727238;-1;-1
-2,0293074;-1;-1
4,989428168;-1;-1
1,970672295;-1;-1
-1,086813231;-1;-1
5,815757582;-1;-1
2,677195689;-1;-1
-0,503662249;-1;-1
6,272046865;-1;-1
3,003213269;-1;-1
-0,311244958;-1;-1
6,327618773;-1;-1
2,918780228;-1;-1
-0,538755019;-1;-1
5,954049043;-1;-1
2,396259459;-1;-1
-1,213025104;-1;-1
5,1253262;-1;-1
1,410476946;-1;-1
-2,358376042;-1;-1
3,817997807;-1;-1
-0,061136702;-1;-1
6,003519928;-1;-1
2,011302319;-1;-1
-2,038419357;-1;-1
3,853761004;-1;-1
-0,312714181;-1;-1
5,461634164;-1;-1
1,176322094;-1;-1
-3,169097047;-1;-1
2,424967651;-1;-1
-2,041855086;-1;-1
3,430101526;-1;-1
-1,159457471;-1;-1
4,18921141;-1;-1
-0,524109738;-1;-1
4,700399921;-1;-1
99,86260008;1;-1
94,96238936;1;-1
89,9997054;1;-1
84,97452488;1;-1
79,88686353;1;-1
74,73677615;1;-1
69,52435653;1;-1
64,24973743;1;-1
58,91309047;1;1
53,51462605;1;1
48,05459319;1;1
42,53327941;1;1
36,9510105;1;1
31,30815036;1;1
25,60510077;1;1
19,8423011;1;1
14,02022808;1;1
8,139395478;1;1
2,200353785;1;1
-3,796310127;1;1
0,150026623;1;1
-5,959977459;1;1
-2,125628657;1;1
1,653801523;1;1
-4,620924102;1;1
-0,94900887;1;1
2,670377229;1;1
-3,761902967;1;1
-0,24495433;1;1
3,22215;1;1
-3,359631967;1;1
0,01068833;1;1
-6,665870611;1;1
-3,388260996;1;1
-0,155406386;1;1
3,033797625;1;1
-3,819517272;1;1
-0,714192816;1;1
2,350955102;1;1
-4,622864296;1;1
-1,634417439;1;1
1,317552828;1;1
-5,765673542;1;1
-2,8827946;1;1
-0,032487215;1;1
2,786592101;1;1
-4,424193648;1;1
-1,663462792;1;1
1,070184138;1;1
-6,221836459;1;1
-3,538092146;1;1
-0,877135339;1;1
1,762495788;1;1
-5,61772361;1;1
-3,016305975;1;1
-0,431752271;1;1
2,137447079;1;1
-5,307188755;1;1
-2,764131955;1;1
-0,231847012;1;1
2,291208317;1;1
-5,19341796;1;1
-2,684173031;1;1
-0,179500256;1;1
2,322159864;1;1
-5,177631291;1;1
-2,677311432;1;1
-0,17531834;1;1
2,329909157;1;1
-5,160069789;1;1
-2,643699022;1;1
-0,119426354;1;1
2,414295462;1;1
-5,040992228;1;1
-2,483754951;1;1
0,087533942;1;1
-7,325607686;1;1
-4,721671698;1;1
-2,099160632;1;1
0,543411364;1;1
-6,792482394;1;1
-4,105382048;1;1
-1,393842111;1;1
1,34356763;1;1
-5,89173878;1;1
-3,098364348;1;1
-0,274930003;1;1
2,579924537;1;1
-4,532460083;1;1
-1,61076369;1;1
1,346312588;1;1
-5,65995449;1;1
-2,62831107;1;1
0,442473006;1;1
-6,446396566;1;1
-3,293739302;1;1
-0,098400675;1;1
3,140747171;1;1
-3,575195289;1;1
-0,245155647;1;1
3,131909768;1;1
-3,442984763;1;1
0,031145018;1;1
-6,444747269;1;1
-2,869739241;1;1
0,757059677;1;1
-5,563492309;1;1
-1,830569898;1;1
1,956618792;1;1
-4,20116827;1;1
-0,303207505;1;1
3,651189824;1;1
-2,337322813;1;1
1,73187237;1;1
-4,140642903;1;1
